TCGA-OR-A5LH-01A	SCARB1_NCS1_125348140-132963236	SCARB1	chr12	-	125348140	NCS1	chr9	+	132963236	SCARB1-NCS1	3	CCGTCGCTCATCAAGCAGCAGGTCCTTAAGttaccgagaaggaggtccagcagtggtaca	
TCGA-OR-A5JJ-01A	KANSL1_ARL17B_44171925-44430296	KANSL1	chr17	-	44171925	ARL17B	chr17	-	44430296	KANSL1-ARL17B	2	GACATTTACAAACAGATACGTGCTAATAAGgtttctgtgtggagacagtagaatataaaa	
TCGA-OR-A5JK-01A	WRB_SH3BGR_40763762-40834300	WRB	chr21	+	40763762	SH3BGR	chr21	+	40834300	WRB-SH3BGR	2	GTGATAAGTGTCGCTTTCTACGTATTGCAGattaggaagaaacagcaagaagtagtgggt	
TCGA-OR-A5LE-01A	BOD1L1_BOD1_13628968-173035295	BOD1L1	chr4	-	13628968	BOD1	chr5	-	173035295	BOD1L1-BOD1	2	AGAGACTGCCTGGCCGACGTGGACACCAAGaatacgccagacaccttttgaaagctaatt	
TCGA-OR-A5LE-01A	SLCO1B1_IAPP_21377773-21526270	SLCO1B1	chr12	+	21377773	IAPP	chr12	+	21526270	SLCO1B1-IAPP	2	ATGTAGGACATATAATTCCACATCATTTTCaaaatttgagaagcaatgggcatcctgaag	
TCGA-OR-A5K2-01A	NFIC_C16orf55_3359683-89735693	NFIC	chr19	+	3359683	C16orf55	chr16	+	89735693	NFIC-C16orf55	6	CCGGCCTCGCCTCCTCGCAGCAGCGCCATGagaaacctgatgtaaagcaaaagtccagca	
TCGA-OR-A5K2-01A	NUTF2_TSNAXIP1_67880888-67861151	NUTF2	chr16	+	67880888	TSNAXIP1	chr16	+	67861151	NUTF2-TSNAXIP1	5	GCCGCTGCCGCCATCGTGCCAGCCCCTCGGcactgtcctcaagagtaccttccctctcaa	
TCGA-OR-A5K2-01A	NUTF2_TSNAXIP1_67880888-67860865	NUTF2	chr16	+	67880888	TSNAXIP1	chr16	+	67860865	NUTF2-TSNAXIP1	3	GCCGCTGCCGCCATCGTGCCAGCCCCTCGGcggagtgagaatgtgtatgtcacccagaag	
TCGA-OR-A5K2-01A	NFIC_C16orf55_3366664-89735693	NFIC	chr19	+	3366664	C16orf55	chr16	+	89735693	NFIC-C16orf55	2	ATGTATTCGTCCCCGCTCTGCCTCACCCAGagaaacctgatgtaaagcaaaagtccagca	
TCGA-OR-A5JL-01A	CYP21A2_AES_32006401-3057740	CYP21A2	chr6	+	32006401	AES	chr19	-	3057740	CYP21A2-AES	2	CCATCTACAGGCTCCACCTTGGGCTGCAAGcctcaagctcgaatgtgacaagttggccag	
TCGA-OR-A5JL-01A	MATR3_TTLL5_138629494-76368484	MATR3	chr5	+	138629494	TTLL5	chr14	+	76368484	MATR3-TTLL5	2	CCTCTCCTTTTCCCTCTCCCTTTCCCTAAGagggtcctccgcggaagggcagctgaatgg	
TCGA-OR-A5JL-01A	BOD1L1_BOD1_13628968-173035295	BOD1L1	chr4	-	13628968	BOD1	chr5	-	173035295	BOD1L1-BOD1	2	AGAGACTGCCTGGCCGACGTGGACACCAAGaatacgccagacaccttttgaaagctaatt	
TCGA-OR-A5JL-01A	PCBD2_CATSPER3_134246156-134331962	PCBD2	chr5	+	134246156	CATSPER3	chr5	+	134331962	PCBD2-CATSPER3	2	AAAGAATTCTCCTTCCACAATTTTAATCAGttctcggagatcttctttgtgtccatctgc	
TCGA-OR-A5LC-01A	RBBP4_RBBP7_33134733-16870245	RBBP4	chr1	+	33134733	RBBP7	chrX	-	16870245	RBBP4-RBBP7	2	GTCAGTTGCTGATGATCAGAAACTTATGATgtccactggtctccacataatgaaactatt	
TCGA-OR-A5LC-01A	TTLL5_IFT43_76368567-76455227	TTLL5	chr14	+	76368567	IFT43	chr14	+	76455227	TTLL5-IFT43	2	CAGCCTTTGTGCCCATCACCAGCTCTACAGagggccaagatgggtcgccgagctcaacag	
TCGA-OR-A5JV-01A	GPR98_CLPTM1L_90281339-1318568	GPR98	chr5	+	90281339	CLPTM1L	chr5	-	1318568	GPR98-CLPTM1L	4	ACAGATCTATGGACTCATTCATGGTGACCTgctttatcctgtggataaacgcagagtgaa	
TCGA-OR-A5JY-01A	CREB3L2_CPA2_137686349-129921943	CREB3L2	chr7	-	137686349	CPA2	chr7	+	129921943	CREB3L2-CPA2	8	GGGGACGGCGAGGCCCTCATGTACCACACGagtgaagtggcccaaaaggctgcccaatct	
TCGA-OR-A5JY-01A	CHD4_VWF_6680034-6145657	CHD4	chr12	-	6680034	VWF	chr12	-	6145657	CHD4-VWF	2	AACCGGGCACCCGAACCTACCCCACAGCAGgtccggcatgagaacagatgtgtggccctg	
TCGA-OR-A5JY-01A	MGA_NUSAP1_41991357-41641295	MGA	chr15	+	41991357	NUSAP1	chr15	+	41641295	MGA-NUSAP1	2	AGCAGGTGATACATCCTGGTCTTCAAGAAGgatgaaagtcaaacttctgcatcctcttgt	
TCGA-OR-A5JY-01A	UBE2J1_C6orf165_90062257-88173737	UBE2J1	chr6	-	90062257	C6orf165	chr6	+	88173737	UBE2J1-C6orf165	2	TGGAGACCCGCTACAACCTGAAGAGTCCGGgctaatttgcgccagaaagttactcactca	
TCGA-OR-A5JY-01A	TBL1XR1_ATG7_176914908-11596284	TBL1XR1	chr3	-	176914908	ATG7	chr3	+	11596284	TBL1XR1-ATG7	2	GGGAGCGGCGTTGGAGGCCACCGTTTCCAGatctgggacatgagcgatgatgagaccatc	
TCGA-OR-A5JY-01A	BOD1L1_BOD1_13628968-173036437	BOD1L1	chr4	-	13628968	BOD1	chr5	-	173036437	BOD1L1-BOD1	2	AGAGACTGCCTGGCCGACGTGGACACCAAGgtcagggatgttggaagctggagtagacag	
TCGA-OU-A5PI-01A	ST3GAL2_VAC14_70472851-70806075	ST3GAL2	chr16	-	70472851	VAC14	chr16	-	70806075	ST3GAL2-VAC14	3	TGGCCCGCGCGGCGCCGGGCGCTGACTGAGgaggtccagatggttcctgtgactccagct	
TCGA-OU-A5PI-01A	HNRNPA2B1_HSD17B10_26240191-53460833	HNRNPA2B1	chr7	-	26240191	HSD17B10	chrX	-	53460833	HNRNPA2B1-HSD17B10	3	CGGGCTGAAGCGACTGAGTCCGCGATGGAGggcctggtggcggtaataaccggaggagcc	
TCGA-OU-A5PI-01A	FHOD3_ELP2_33952707-33722788	FHOD3	chr18	+	33952707	ELP2	chr18	+	33722788	FHOD3-ELP2	3	AGCTGTCTGTGAGGGTCCATGCCTGCATCGgtagagatcttttcctagcaagctgttcac	
TCGA-OR-A5KT-01A	WIBG_SLC16A7_56297170-60173203	WIBG	chr12	-	56297170	SLC16A7	chr12	+	60173203	WIBG-SLC16A7	3	AGGATATGTGCCCCAGGAGGAGGTCCCAGTgtaaattggtggatttaactggagaatata	
TCGA-OR-A5KT-01A	FNDC3A_RPS29_49720071-50052767	FNDC3A	chr13	+	49720071	RPS29	chr14	-	50052767	FNDC3A-RPS29	2	AAAAGATGGGAAATACAAAAGTGTATATGTtcgtgtctgttcaaaccggcacggtctgat	
TCGA-OR-A5K4-01A	BOD1L1_BOD1_13628968-173035295	BOD1L1	chr4	-	13628968	BOD1	chr5	-	173035295	BOD1L1-BOD1	2	AGAGACTGCCTGGCCGACGTGGACACCAAGaatacgccagacaccttttgaaagctaatt	
TCGA-OR-A5J3-01A	WRB_SH3BGR_40763762-40834300	WRB	chr21	+	40763762	SH3BGR	chr21	+	40834300	WRB-SH3BGR	2	GTGATAAGTGTCGCTTTCTACGTATTGCAGattaggaagaaacagcaagaagtagtgggt	
TCGA-OR-A5KY-01A	PPP1CB_BRE_28975042-28521204	PPP1CB	chr2	+	28975042	BRE	chr2	+	28521204	PPP1CB-BRE	9	TGGACAGCCTCATCACCCGGCTGCTGGAGGttgacctgcctctgtttttccctcgagacc	
TCGA-OR-A5KY-01A	CHD3_RAD51C_7797253-56787219	CHD3	chr17	+	7797253	RAD51C	chr17	+	56787219	CHD3-RAD51C	5	CTGGGTGGCAAGAGGAAGAAAGGAGGCTCGgttcgactagtgatagtggatggtattgct	
TCGA-OR-A5KY-01A	B4GALT5_ASIP_48330112-32848170	B4GALT5	chr20	-	48330112	ASIP	chr20	+	32848170	B4GALT5-ASIP	5	TGTACTTCGTCTATGTGGCGCCCGGCATAGgcctcctgggatggatgtcacccgcttact	
TCGA-OR-A5KY-01A	PPP1R37_BCAM_45596785-45314481	PPP1R37	chr19	+	45596785	BCAM	chr19	+	45314481	PPP1R37-BCAM	2	CAGTGGAGCCCAAAGACCCCTGGAGACATGatgcccaggcggaggtgcgcttgtctgtac	
TCGA-OR-A5KY-01A	SRP9_EPHX1_225965714-226016425	SRP9	chr1	+	225965714	EPHX1	chr1	+	226016425	SRP9-EPHX1	2	GAGAAGCTTTACCTCGCTGACCCTATGAAGgagccatgtggctagaaatcctcctcactt	
